Model,Type,F1,Precision,Recall,AUC,Speed,Size,GPU Required
Linear SVC (Calibrated),Traditional,0.9154821543023156,0.9184913618880454,0.9251517194875253,0.9245867591860757,Fast (<5ms),Small (~5MB),No
Logistic Regression,Traditional,0.8933444165821846,0.9144161798271924,0.8821645313553608,0.9227160126324576,Fast (<5ms),Small (~5MB),No
Gradient Boosting,Traditional,0.8674564418011398,0.8813221222342412,0.8980107889413351,0.8604832519568562,Fast (<5ms),Small (~5MB),No
Multinomial Naive Bayes,Traditional,0.8664459091397654,0.8658555894988611,0.8921105866486851,0.8504671591454729,Fast (<5ms),Small (~5MB),No
